text,id,label
Pigeons as radiologists? UC Davis helps train birds to identify breast cancer malignancies https://t.co/dFlLVJvJK3,669233784420630529,1
"RT @lolemm4: ""if you wear tight shirts you're GONNA GET BREAST CANCER""",667410356420091904,1
#Breast Cancer Tattoos¬†News https://t.co/JFoN2CFome https://t.co/MxRve9LBv7,669206421414678528,0
RT @GMA: Girl fights rare case of breast cancer at age 8 and will need to undergo a mastectomy: https://t.co/eEh8ZRFGsw https://t.co/x02nVP‚Ä¶,669375877067776001,1
Breast cancer clinic attributes increased uptake of double mastectomies to Angelina Jolie effect https://t.co/WEg876eRyX,669550251171307520,1
Breast cancer: Research identified obstacles to care in Appalachia: Demographic tool produces surprising insig https://t.co/PfPOLqFapz,662052259988004864,1
"RT @TuftsUniversity: An innovative lab at Tufts brings biologists, chemists &amp; mathematicians together to seek insight into breast cancer  h‚Ä¶",669617683348873216,1
"RT @GirlsOnIy: RETWEET for Breast Cancer Awareness Month üéÄ

       üíûüíû
    üíû     üíû
   üíû       üíû
    üíû    üíû
     üíû üíû
      üíûüíï
     üíïüíû
   üíû   ‚Ä¶",667501855430283264,0
Thank you to everyone who helped support the @LexingtonLegends Breast Cancer Awareness game last July! #lbxpinkbelt https://t.co/2N4osoxuvJ,667338162113396736,1
Early Detection Key to Fighting Breast Cancer and Planned Parenthood Can Help - Huffington Post: H... https://t.co/H31fg0pBny #PinkRunway,667810678611120128,1
Just one more reason to attend our weekly mindfunlness class on Tuesdays! https://t.co/1GY2D8924H,667843801352937472,0
Aussie drug company gives profits to breast cancer patients - read more at @SMH https://t.co/b1MVpfH2fx #health #cancer #breaking,669321231376752640,0
Delview HS grade 9 classes learned about breast health from our #BCPRAC team: https://t.co/9OmRY1Wy7C https://t.co/AO52LYiwYk,668974958933090305,1
@thenipplefreed must care about breast cancer,669533627508727809,0
"6 things no one tells you about cancer-related breast surgery: I was somewhat shocked when, just a few days af... https://t.co/HPIoJ0zIB4",668085127948275716,1
Breast Cancer Cakes (NSFW) (https://t.co/1ZKXBNnPjH) https://t.co/pbsRqSUY7p,669310095503831040,0
".@ns_freetobeme Monday, 11/23/15, 12-2 EST. Let's get this trending for Metastatic Breast Cancer! https://t.co/Wu9IAAN55M",668169685716893696,1
Breast cancer at 8? whoa.,669267700863119360,1
ANNETTE CARTER Did It!  60 Miles closer to the end of breast cancer. Ready to celebrate at Petco Park!,668572884344918016,1
RT @CovertAnonymous: GuardianUS: Eight-year-old Utah girl diagnosed with rare form of breast cancer https://t.co/tpvwsoVBdm,669234002432237568,1
Pigeons' ability to generalize patterns could be used to detect breast cancer. https://t.co/OAkZRzUs7r #news https://t.co/LqdlvOxkZ2,667278904244068352,1
Rare case of breast cancer in 8-year old girl living in Utah https://t.co/Zb25eUHDMy via @abcnews,669621666561941504,1
"BBC Sci/tech: Pigeons classify breast cancer images: A study finds that pigeons, with training, can identify b... https://t.co/Wf000l0COq",667696766414811136,1
RT ANNETTE CARTER Did It!  60 Miles closer to the end of breast cancer. Ready to celebrate at Petco Park!,668577617163890688,1
RT @AllScienceGlobe: Antibody-drug compounds and immunotherapy to treat breast cancer -  https://t.co/p8u2NG6VrL,669640010715369472,1
Eight-year-old #Utah girl diagnosed with rare form of breast #cancer: Chrissy Turner found a‚Ä¶ https://t.co/kqJmQVN1ps,669237802312335360,1
Paging Dr. Pigeon; You‚Äôre Needed in Radiology https://t.co/Jmoil2miMy,669286848011702272,0
I'm uniting against breast cancer with @walkthewalk @everydayherouk #everythingcounts https://t.co/pGEDFMO8HX,669236238520553472,1
"At 8, she is the youngest person to be diagnosed with breast cancer. https://t.co/WTo8sGv1Jq https://t.co/AmznFNwe53",669592694746910720,1
RT @samriddle: Members of #AfricanAmerican community are protesting new #AmericanCancerSociety #breastcancer guidelines #Detroit  https://t‚Ä¶,667293134632562689,0
A brief history of #breastcancer: https://t.co/eW8ZKBlP8y #cancer,668133302461681664,1
Pigeons taught to diagnose breast cancer on X-rays https://t.co/kC7Pry7FKu,667563765987078149,1
What the New Breast Cancer Screening Guidelines Mean for Real-Life Women: The American Cancer‚Ä¶ https://t.co/FHlhNuvczc | @rhrealitycheck,667374925343133696,1
And this amazing @FollowWestwood top #secondhandfirst #vintage https://t.co/oIadP1W2O7 https://t.co/DYwrEPSdun,669558504622047232,0
via @NatGeo: DDT #Pesticide Linked to Fourfold Increase in Breast #Cancer Risk: https://t.co/ZUNz0tsh7V https://t.co/sCS4HkwQvU,662287059625910272,1
"RT @CancerReliefUK: Did you know about male breast #cancer?

#InternationalMensDay  https://t.co/4NYJNgwj5Z",667303119873667078,1
RT @BCRFcure: New BCRF-funded study links age of first menstrual cycle with aggressive breast cancer in African-American women https://t.co‚Ä¶,669579832976654337,1
https://t.co/XkhYVIIB88 Frustrated breast cancer-stricken mom: Pink is no cure - USA TODAY https://t.co/zmhsuLD7Qo,668980099048435713,1
I'm Still in Pain- Diezani Opens up About Her Breast Cancer Treatment -: https://t.co/XignoL9RVS via Newsbulletin https://t.co/5WFqgqyNYI,668534395997933568,1
@LanaParrilla day 25: I'm grateful for my grandma! She beat breast cancer in 2012 üôèüèºüôåüèº‚ù§Ô∏è #LPs30DaysofGratitude https://t.co/23haKr6Em1,669633251204538368,1
RT @BeBrightPink: Brush up on the signs &amp; symptoms of breast cancer. Awareness alone doesn't save lives. Actions do. https://t.co/aoXfDGyOj‚Ä¶,665583372115292161,1
RT @JarreauFreeman: JROTC perform a Color Guard routine at Breast Cancer Awareness football game at North Penn HS Oct. 30 @LansReporter htt‚Ä¶,662414941790609408,1
"I posted 5 photos on Facebook in the album ""RHF's Breast Cancer Benefit"" https://t.co/R5wOIZbQfj",667887852110422016,0
I'm Too Sexy For My Hair  https://t.co/llusrr6pBa  @Etsy #etsymntt #etsymnt #breast #cancer #survivor https://t.co/RkuOtbY5D1,668623796212015105,1
Cruciferous Vegetables Improve Survival in Women With Breast Cancer https://t.co/EiugcTG77G #conscioushealthsolutions #health,668921745588379648,1
Air Force NCO battles breast cancer with a will to¬†win https://t.co/vB2wxwLlR1 https://t.co/i5qtfjKPOd,667455736545349632,1
"RT @FrazaKing: My towns fountain going pink for Breast Cancer. Make sure to support @CR_UK, lets beat cancer sooner! @WelwynGarden https://‚Ä¶",669661031292084224,1
RT @MasonCampbellmm: Acupuncture Helps #CurbHotFlashes in Breast Cancer Survivors https://t.co/PqnvUnZm4R https://t.co/Ia59eFuy5n,664160264921595904,1
RT @AllScienceGlobe: Pigeons classify breast cancer images -  https://t.co/iLuRGBZQz2,668275155051765760,1
"Retweeted Breast Cancer Pro (@BreastCancerPro):

Markers Could Predict Risk of Brain Metastasis in Breast Cancer... https://t.co/Vuyle7PB6D",669585760819871746,1
"RT @haileybaldwin: Last big push for Breast Cancer Awareness month &amp; my Grandma @CMBBreastCancer check out 
FightLikeAGirlRings.
com",668159306139832321,1
M2 Machines Super Chase 1969 Dodge Charger Daytona - Breast Cancer Awareness https://t.co/bITLzpQWOq,668071684369489920,0
Pigeons identify breast cancer in medical images! https://t.co/ucNZWRO7Cv,667312194896269312,1
"RT @MariaGlymour: This issue of Epi Methods looks lively- Miettinen, Robins &amp; others at understated best re breast cancer screening: https:‚Ä¶",667606748602216449,1
RT Breast Cancer Survivor Gets An Amazing Tattoo! https://t.co/MxBJAdurnb,667521411964006400,1
Eight-year-old Utah girl diagnosed with rare form of breast cancer | US news | The Guardian https://t.co/t7SFoQGhrB,669522204779020288,1
"RT @tinyhum: my friends moms breast cancer is back, PLEASE read this and give ANYTHING you can, &amp; if you can't, PLEASE SHARE https://t.co/t‚Ä¶",668545738758975488,1
"RT @movementismeds: RT movementismeds: RT movementismeds: Alternative Medicine Therapies for Breast Cancer - https://t.co/SyNLVrf6va

#well‚Ä¶",668870496528658433,1
Woman's shocking post-radiation therapy photos go viral https://t.co/P7ZeearfYu via @Femail,658664828496646144,0
"#Mashable: 6 things no one tells you about cancer-related breast surgery: I was somewhat shocked when, ju... https://t.co/ijxPv5a2dq #AUD",668040432958357505,1
RT @FsnAntibodies: Targeting the immune system to fight breast cancer https://t.co/tQTBMfRKae https://t.co/fdVXSpphsO,669513411806535681,1
"RT @movementismeds: RT movementismeds: Alternative Medicine Therapies for Breast Cancer - https://t.co/SyNLVrf6va

#wellness #health #lifes‚Ä¶",668081061226647552,1
Attended the 3rd annual hells for a cure breast cancer awareness class hosted by the beautiful Kysn‚Ä¶ https://t.co/cJ2WONl0aH,663480702650871808,1
"RT @generalelectric: Just because October‚Äôs over, doesn't mean the fight against breast cancer is. üôãto spread breast density awareness. üéÄ
h‚Ä¶",660958413757816832,1
RT @samparentt: My GRANDMOM ... Emphasis on Grandmom.. Posted this after her 3 day breast cancer walk on fb https://t.co/WlrjDh0YXz,669174472801460224,1
RT @msmagazine: Killing women softly: A breast cancer survivor questions @AmericanCancer's new mammography guidelines https://t.co/g6KEdtW2‚Ä¶,664591020634542080,1
Air Force NCO battles breast cancer with a will to¬†win https://t.co/Nm0VGF9zfp https://t.co/Rg0ZAS9LvG,667454534705283072,1
Pigeons classify breast cancer images https://t.co/gwm5wBm7JJ Whizzy_Walexzy,667695418646511616,1
RT @g_orl: Effects of non-sporting and sporting qigong on frailty and quality of life among breast cancer patients‚Ä¶ https://t.co/cKsReGj1WW,668338628947369985,1
@SU2C About Breast Cancer https://t.co/GHzIaGvHPj  #Health #holistichealth #healthcare once share or retweet can change lifes,668250983504326656,1
ASHLEY FUHR Did It!  60 Miles closer to the end of breast cancer. Ready to celebrate at Petco Park!,668561641798283264,1
Scientists have trained pigeons to diagnose breast cancer: A new study his revealed that pigeons are surprisin... https://t.co/T0rMp9QgnP,667416888595509248,1
"Mammogram has saved my life. Just diagnosed with breast cancer, thanks to a mammogram showing abnormalities. https://t.co/rQ1VD7yHyz",669327437558366208,1
"RT @EagleTrib: Next up is Ami Lewis-Bach, of Chester, N.H., a breast cancer survivor here to talk about importance of the Affordable Care A‚Ä¶",663864073768030210,1
"RT @wave3news: ""She is the youngest that they've run across having this particular type of breast cancer."" https://t.co/eBHPd1zaMs #wave3ne‚Ä¶",669225367761264640,1
Hamilton Collection Snow Devoted to a Cure figurine breast cancer awareness https://t.co/McJ8oAtfYC https://t.co/jb8dOynkWX,668503419062210560,1
"Claire Astle had her breast lump dismissed by doctor who thought she was ""too young"" to have breast cancer. https://t.co/S2gkuyYlZY",668718443705815040,1
yesterday myself and my family got some terrible news that my lovely beautiful mum is battling breast cancer and... https://t.co/A8ncyDMlVc,669460976983494656,1
Win It! A Breast Cancer Awareness Gift Bag https://t.co/S8LkF0B4LP via @extratv,656982997728698372,0
RT @ryangHTX: My mom had to go back to the doctor for her breast cancer check up. They declared her cancer free today üôåüèø,669226916596031489,1
Hard to believe but it looks like pigeons have a new job.. identifying breast #cancer https://t.co/8K4M5jCwig,668916156808327168,1
BREAKING NEWS: 8-Year-Old Is The Youngest Person Ever Diagnosed With Breast Cancer https://t.co/pkHmrLmpLt,669329895139360768,1
"Early Detection Key to Fighting Breast Cancer and Planned Parenthood Can Help https://t.co/OIzMYjHRP7 #gameinsight, #android, #androidgame‚Ä¶",667788508979961857,1
"RT @NYTScience: Paging Dr. Pigeon, you're needed in radiology https://t.co/2FK9BZNsQ4 https://t.co/KZEKZSGRMJ",669259704053329921,0
"RT @marxieGirl: Breast Cancer Awareness Yard art, yard stake ready to ship https://t.co/oFMAQtM8Rp #EtsySocial #Metal https://t.co/jKOY7Wkl‚Ä¶",668146208012148737,0
Breast Cancer Awareness teddy bear from my @Etsy shop #etsygifts #handmade #breast cancer  https://t.co/mfJpSHk5bR,667377957220954113,0
Breast cancer clinic attributes increased uptake of double mastectomies to Angelina Jolie effect: Researchers ... https://t.co/j3AGWrKp3V,669323789688115200,1
Breast Cancer-Derived Extracellular Vesicles: Characterization and Contribution to the Metastatic Phenotype. https://t.co/ZvBsdhEW1w,669543343282454528,1
RT @KStarry: Can You Lower Your Risk of Breast Cancer? https://t.co/NuPkcQVVKi,667448327743668230,1
RT @USATODAY: 8-year-old girl Utah girl is diagnosed with a rare form of breast cancer after finding a lump earlier this month: https://t.c‚Ä¶,669636994465529856,1
Breast Cancer Campaign DEMO https://t.co/LIO6feyEKQ,669380647970930692,1
"RT @NYTScience: Pigeons have excellent vision and, it turns out, can be trained to identify tumors https://t.co/O5kT1KaVQM https://t.co/DoY‚Ä¶",669212365188124673,1
Pigeons identify breast #cancer 'as well as humans' *SO MUCH FOR THOSE CALLING OTHERS BIRDBRAIN https://t.co/sm8OUAIGl4 #SCIENCE #MEDICINE,667825411196239872,1
No one should lose a mother to breast cancer. We are $55k shy of $604k #RFTC goal. Donate: https://t.co/vdkO9tn9Tt https://t.co/LF7G7BAssP,667399106432749568,1
RT @runciecwc: Breast Cancer Burden: 10.6 million cases in less developed countries. #2015WCLS cc @okoyeij2002,669302657362825216,1
ONLINE DEALS : https://t.co/JXBtsME4qh #91012 #1204 Shark Fin Beauty -Breast Cancer Awareness Kit Swivel Thumb Rig‚Ä¶ https://t.co/lXhHnaiLG7,669148666251341825,0
"Herts &amp; Essex Observer published Saturday curry and Sunday run raise ¬£40,000 for East Her... https://t.co/yrOzHXo88V #essex #propertynews",669201096745709568,0
#Pigeon #News Scientists have trained pigeons to diagnose breast cancer https://t.co/X65utmRLNn,667832839811891201,1
Hello @kd_newmediaMB thanks for posting. Would love to talk more about #breastcanceresearch #medicalresearch https://t.co/AQZ6bvxCbt,667130410476802049,1
RT @BBCLeeds: Hospitals in #Leeds are missing targets on how quickly they see patients displaying symptoms of breast cancer. More with @liz‚Ä¶,669061255659962368,1
RT @APROKOADDICT: See the common habits that cause breast cancer. https://t.co/7EMkGkhMaO ....... #profsomebodydotcom,667314978903339010,1
"RT @Nobasic_bitch: Rapeüòñ
Abuseüëä
Periodsüî¥
Abortionüò∑
Pregnancyüë∂
Harassmentüëã
Breast cancerüö∫
Being walked onüëü
Being cheated onüôç
Females go thro‚Ä¶",668070755947692032,0
"Some reports showing an increasing number of men diagnosed with #breastcancer (via @USATODAY)
https://t.co/okmWpVDZez",667842557796306945,1
Breast Cancer Rates Expected to Grow by 2030 https://t.co/6ou9YEhSzF,661188784445198336,1
"RT @VirtueDigest: There are several reasons for breast cancer, with possibly life-expectancy being one of the key factors. #BCAwareness",668167832954413056,1
Health Benefits of Coffee ‚Äì Breast Cancer https://t.co/YK7hGnYvrB,668773973551923200,1
# Avoid Breast¬†Cancer! https://t.co/oxBbRVtHOa,667501839286337536,1
Introducing 36DD! $1.00 from each bottle goes to Breast Cancer research! Get yours now! https://t.co/BROgD3mK http://t.co/Byi70TX5,668872672152035328,1
RT @scdsbconfession: A grade 11 made fun of another grade 11's mom for having breast cancer-PF,667173355464859648,0
Could #pregnancy affect your risk of breastcancer?  Here‚Äôs what you need to know: https://t.co/xyx84GjDJ5,667486773069479940,1
8-year-old Utah girl diagnosed with rare breast cancer https://t.co/baxF3EO698,669308298173267972,1
How To Prevent Breast Cancer Through An Armpit¬†Detox https://t.co/NOKUf8UgJd https://t.co/tJ5qQUUoyN,668772924531212288,1
Click To Give @ The Breast Cancer Site https://t.co/gE951rdJX4 via @po_st,669122958518956032,1
RT @mashable: 6 things no one tells you about cancer-related breast surgery. https://t.co/EjNCNalpSe by @jessicadelfino https://t.co/Y18ReD‚Ä¶,668058512271015936,1
8-year-old girl diagnosed with rare breast cancer https://t.co/w7mmGIGt4B,669519274151571458,1
RT @HuffingtonPost: Pecking pigeons detect breast cancer https://t.co/0rAMffw7k8 https://t.co/InvdHRr9AD,667758534386405376,1
6 Things Only Women With Breast Cancer Can Relate To https://t.co/LuiK40gqbZ https://t.co/Ww6bt0K8MI,668346858549305344,1
"We were so happy to have the Executive Director of the HERS Breast Cancer Foundation, Vera Packard, visit our... https://t.co/UCbMbv9E8t",669599545576267776,0
RT @MyWakefield: Wakefield Town Hall pretty in pink. Raising awareness of breast cancer like thousands of others today #wearitpink https://‚Ä¶,658667494719279105,1
RT @LymphedemaGuru: This article examines the complexities breast cancer treatment related #lymphedema management and summarizes the... htt‚Ä¶,667410064211386368,1
RT @BCCare: When reality kicks in: the struggle with body image when living through breast cancer treatment https://t.co/8mgwaZyOYq  @Liz_O‚Ä¶,668348405933080576,0
"Nigeria: MTN Unites Nigeria, S' Africa, U.S. Against Breast¬†Cancer https://t.co/AZ3DvveXID",667302519656189952,0
RT @NazarethLGP: Marisa Barranco '19 tells us what we should really know about Breast Cancer Awareness Month. @NazAnnouncer https://t.co/6r‚Ä¶,661664478916911106,1
RT @TheBodyBook32: October is Breast Caner Awareness month + we're sharing a must read essay on body image from a survivor: https://t.co/Z8‚Ä¶,659879887600242688,1
Topic Tuesday: Most women undergoing checks for breast cancer are unaware that drinking alcohol or obesity...https://t.co/I2rxWfMCyV,669246768002039810,1
8-year-old girl diagnosed with rare form of breast cancer to undergo mastectomy https://t.co/MjtI9Pr7TU,669540419525599232,1
RT @ABC: Girl fights rare case of breast cancer at age 8 and will need to undergo a mastectomy: https://t.co/7L1mu9LSp2 https://t.co/eD9VN5‚Ä¶,669225755683876864,1
RT @KelleyRMcMillan: Does #pregnancy increase your risk of breast cancer? It might. Read my @voguemagazine story on what you need to know.h‚Ä¶,668155782622519297,1
Faces of Male Breast Cancer: Meet Jerry @Ghr1962 he's #metastatic too. #dontignorestageiv #malebreastcancer #mbc https://t.co/KYPLN0OZZ8,668857844192669696,1
RT whaxyapp: #Cannabis vs. Breast #Cancer: An Extensive Analysis - https://t.co/twDJQUYfXu #breastcancer #BreastC‚Ä¶ https://t.co/3IngNsQRHu,667868191188762624,0
"Utah girl, 8, diagnosed with rare form of breast cancer https://t.co/3SHN1bkpBV",669467601282711553,1
Amazing Breast Cancer Tattoo Coverups - https://t.co/XHGErcxUDp,658666554335318016,1
@IEDAction @theview we don't ask if its better to have brain cancer or breast cancer bc both are deadly. the same goes for #eatingdisorders,667544268102242304,1
RT @petervhale: BBC News - Pigeons identify breast cancer 'as well as humans' - https://t.co/ewi36mVPzZ,667781348522881024,1
@Eminem @NFL should include men in their breast cancer awareness campaign! Right? Sign the Petition! https://t.co/A5o8gwFKug,668690170313617408,1
RT @breastcancerfnd: Research indicates a higher risk of breast cancer among women in some occupations. Learn more: https://t.co/H5OLKD2f67,668603476058972160,1
"RT @ThouShallLoveJD: Guys also go threw rape, abuse, harassment, breast cancer, being walked on &amp; cheated on. Lets not pretend they dont. h‚Ä¶",668807511533744128,0
#BreastCancer Trials Investigation of Three Approaches to Address Fear of Recurrence Among Breast Cancer Surviv... https://t.co/7TprqTeUF3,668953744952967168,1
RT @MiamiOH_BBall: Recapping today's win against Northeastern to win the Men Against Breast Cancer Challenge: https://t.co/zlp30KnEdQ,668574333925761024,1
RT @EndoCancer: The mammary stem cell hierarchy: a looking glass into heterogeneous breast cancer landscapes https://t.co/3boUBnMLt7 @bcmho‚Ä¶,668830627903352833,1
@CancerAlliance Retweet Breast Cancer https://t.co/9dTiuQwUc6 via @@M_M_Rangoonwala #cancer #prevention #cancergenomics,669397338935402496,1
‚úΩ‚óï Breast Cancer Awareness Ribbon #Pendant #Necklace Pink Swarovski Crystals w/chain  https://t.co/Rvo8VfBRv1 https://t.co/3GFGUlvx39,667698690463698945,0
RT @AlexaGoddard: ....If anyone would like to make a donation to Breast Cancer Care you can do so here: https://t.co/3t4bcM9tQO üíó #FuckCanc‚Ä¶,667754756316770304,1
Flavinoids in #SharonFruit #Persimmon kill breast cancer cells. New study. https://t.co/8U3RkIWfim,669147408438321152,1
RT @ThePinkDrive: Manage your stress ladies. Career woman have an 80% higher risk of developing breast cancer. #makesyouthink https://t.co/‚Ä¶,669367114180993024,1
RT @250thouin365: 1.4% of women in Scotland have been diagnosed with Breast Cancer at some point in their lives. #FreddiesTweetathon,668867140884291584,1
Pigeons trained to spot cancer https://t.co/hbty9z7NnG,668057115894804480,1
San Diego 3-Day raises $5.9M for breast cancer fight ‚Äì The San Diego Union-Tribune https://t.co/8PN5d8m4IG #sandiego,668668243402444800,1
RT @ASPS_News: It's important to remember that reconstructive goals differ from cosmetic goals in #PlasticSurgery: https://t.co/aBFk1ys41Y,663084295368540160,0
"RT @thecanyontribe: IN HONOR OF BREAST CANCER AWARENESS MONTH, WEAR PINK ALLDAY THIS THURSDAY! IT'S A PINK OUT BOTH TO SCHOOL &amp; TO GAME htt‚Ä¶",658784831749271552,1
"RT @ObiWanKevObi: RETWEET for Breast Cancer Awareness Month üéÄ

       üíûüíû
    üíû     üíû
   üíû       üíû
    üíû    üíû
     üíû üíû
      üíûüíï
     üíïüíû
   üíû‚Ä¶",668176012505702402,0
RT @sdut: San Diego 3-Day raises $5.9M for breast cancer fight: https://t.co/wEUqx4K6Ox https://t.co/z8IcS55g9O,668661468233994240,1
"RT @RiverdaleReads: In honor of all those who fought,still fighting, and survived breast cancer https://t.co/3OCmCycMjg",668720050157654016,1
"Zambia: Chipata Marks Breast #cancer Month https://t.co/yQLkDg3Qu7
 #nghlth",667314647083577345,0
RT @breastcancernow: Ilirjana Bajrami awarded for outstanding contribution to breast cancer research. Her take &gt; https://t.co/DHWyod7fDG ht‚Ä¶,669095852733022209,1
"RT Pigeons can spot breast cancer? Jeez, I been judging them wrong my whole life. I'm so sorry pigeons. https://t.co/y5xDrQz9YH",668531885979533312,1
Hi @CL2NE1INDO I read your post. Would love to talk more about #breastcanceresearch #medicalresearch https://t.co/AQZ6bvxCbt,667305110599393281,1
TOMORROW- Play in our darts tournament and aid in the fight against breast cancer- you could win the cash prize! https://t.co/h8kETVma1Q,668172447301111808,1
BBC News - #Pigeons identify #breast #cancer 'as well as humans' https://t.co/RwZDXgg3Ux,667726012134764544,1
"Breast Cancer, a Global Disease https://t.co/PG42Y3n0fy #conscioushealthsolutions #health",668282526490714113,1
"So, they got new job! Congo pigeons üòÜ
Pigeons taught to diagnose breast cancer on X-rays https://t.co/SAkUPQd4R4",667326617568587776,1
FREE PR&gt;&gt; Are/Were you touched by breast cancer?--&gt; https://t.co/uhbKN33WOg  #4045329232,668276144513425408,0
@CBSHealth is reporting a promising new option for #BreastSurgery. #PlasticSurgery #CosmeticSurgery https://t.co/vXPh78H9c4,669227544416272384,1
RT @nervomusic: We can' wait for our show in Toronto to support @letsfcancer! So excited to help support Breast Cancer Awareness: https://t‚Ä¶,664575231168798720,1
Pigeons classify breast cancer images https://t.co/1WKoHmd6k0,667711011118579712,1
via @NatGeo: DDT #Pesticide Linked to 4-Fold Increase in #Cancer Risk: https://t.co/ZUNz0tsh7V https://t.co/TFN69hu3qQ,669059203772915712,1
6 things no one tells you about cancer-related breast¬†surgery https://t.co/Hiwwi00Ila https://t.co/hMkQWXRnXW,668039251049639936,1
RT @APROKOADDICT: See the common habits that cause breast cancer. https://t.co/7EMkGkhMaO ....... #profsomebodydotcom ..,667315304427450368,1
RT @sciam: Pigeons trained to identify breast cancer in images of tissue samples and mammograms https://t.co/szYB21teMt https://t.co/pFCXtD‚Ä¶,667745657923334145,1
A recent study found that even at low levels parabens could stimulate the growth of breast cancer cells when they ‚Ä¶ https://t.co/JgRpKwxXEL,668883941110206464,1
"RT @emurshid: Neoadjuvant Therapy for Early-Stage Breast Cancer: Current Practice, Controversies, and Future Directions  https://t.co/DbnaV‚Ä¶",668266905388498948,1
DEALS &gt;&gt; https://t.co/qXMnjcwJUy #245 Le-Vel THRIVE DFT PINK Breast Cancer Awareness Pack 30 Skin Patches Sealed N‚Ä¶ https://t.co/DlR3R34DWN,668865976868409344,0
#Pigeon #News Pigeons taught to accurately identify breast cancer in x-ray imagery https://t.co/prZ08b9tTg,667560980814176256,1
"RT @LukeTConcepts: From now until Oct. 31, 100% of graphic orders will be donated to a breast cancer research fund. DM for prices. https://‚Ä¶",658666571884331008,1
6 Things Only #Women With Breast Cancer Can Relate To https://t.co/dkvNvVQw5I https://t.co/OFAvSW2TRH https://t.co/1hqeYjRKTU #selfhack,668526969047400448,1
"RT UNR researches may have found a way to cure breast cancer. nvsagebrush 
https://t.co/wxXKuLXghR https://t.co/ZnezvpEck7",669230789146505216,1
"Text Messaging Improves Breast Cancer Screening Attendance, Study Shows: The importance of breast cancer scree... https://t.co/9KxmZhSDwm",668781301734838272,1
RT @desusnice: Stop hating on Breast cancer awareness tho  https://t.co/6LWt4drnqc,658398470605176832,0
SUPER BIRD: Study reveals pigeons almost as good as humans at detecting breast cancer https://t.co/dYghLDcGMD https://t.co/eDf91NhitR,668856607044956161,1
"RT @GoHolyCross: On Dec. 11, the Crusaders will bench for a cure at Benching For Breast Cancer! @HCforaCure
https://t.co/vKHwZUsBaR https:/‚Ä¶",668913862184468481,0
RT @abbasnasir59: 36 years ago today our lovely mother was snatched from us by breast cancer. She was just 48 and fought quite a fight. Pls‚Ä¶,668731565753638912,1
Survivors share stories of battling breast cancer - Lincoln Journal Star https://t.co/k1BuFVI0tl,661046859050283009,1
#Sleep and Breast Cancer Health https://t.co/AnAOw5EPtP https://t.co/WW7uWBwley,664163698928300032,1
"Study of Breast Cancer Metastasis Upends Conventional Wisdom, Suggesting New Treatment Strategy | @scoopit https://t.co/1uAVYN389V",668159675704176640,1
@PediatricCancer Retweet Breast Cancer https://t.co/9dTiuQwUc6 via @@M_M_Rangoonwala #cancer #prevention #cancergenomics,669403522425819137,0
Pecking Pigeons Detect Breast Cancer https://t.co/j4CTW8sK6l,667760208819548160,1
RT @BCCare: You and Your Prosthesis: from what to take to a fitting to how to take care of yours https://t.co/duREpfVl6q https://t.co/EmBc9‚Ä¶,668512675735937024,0
Sent my Auntie who just beat Her 3 year Breast Cancer Battle a First class Flight to Egypt..‚ù§Ô∏è üôèüèª #iwork hardformyFamily #Young&amp;comfortable,668923522606084097,0
RT @WNTonight: Girl fights rare case of breast cancer at age 8 and will need to undergo a mastectomy: https://t.co/g3koRQEF6i https://t.co/‚Ä¶,669361824299544576,1
"Girl, 8, diagnosed with BREAST CANCER
https://t.co/fsGMAXziNc via @MailOnline",669237116270940161,1
"RT @TheBHF: Each year, heart disease claims more female lives than breast cancer. This week, we look at how women are affected: https://t.c‚Ä¶",668761571007569920,0
"Pigeons classify breast cancer images: A study finds that pigeons, with training, can identify breast... https://t.co/CDLYPxSkfi #science",667696777328394240,1
Don't forget! October is breast cancer awareness. This month on us get the Pink Ribbon embroidered on womens pieces. https://t.co/m2xTc2JAtY,656982994318528512,1
"Please help support Breast Cancer Awareness, add a #Twibbon now! https://t.co/GNAwJrGOEc",658870119808929792,0
@CancerVoicesNSW Retweet Breast Cancer https://t.co/9dTiuQfiNw via @@M_M_Rangoonwala #cancer #prevention #cancergenomics,669512294959738880,0
RT https://t.co/HFtksyh99y Click here to support Breast #Cancer stage IV #medical bill by LorettaRlswolf - ‚Ä¶ https://t.co/wTZeiQWlaI,665707486918373376,1
"RT @MindlessChick15: Periodsüî¥
Abortionüò∑
Pregnancyüë∂
Harassmentüëã
Breast cancerüö∫
Being walked onüëü
Being cheated onüôç
Females go through a lotüòûüíØ",668159729806532608,0
RT @bodynbrainyoga: Joanne Steller shares her experience with healing breast cancer through Body &amp; Brain. https://t.co/c4G42MBeb7 #BCAM htt‚Ä¶,668348400111255553,1
Remembering those we've lost to #BreastCancer. Get a Memorial Video for only $29.99! https://t.co/TCLg0r22j6 https://t.co/Fmw1bGxJlE,658664715414056960,0
The brave little girl fighting breast cancer at the age of just 8. https://t.co/SnHMoFQQar,669268703716896768,1
"@Ellen_Nation Single mom of 2 DESPERATE need of HELP Breast Cancer double mastectomy,hysterctomy,medical treatment  https://t.co/VO1pFwETQx",669600348642803712,1
RT @BacelyY: #socialmedia #itcd  6 things no one tells you about cancer-related breast surgery https://t.co/PNuTLttAwY #health,668048501943611392,1
RT @FEMSOClETY: A visual representation of possible signs of breast cancer. It's important to be aware and remain attentive! https://t.co/E‚Ä¶,669609796304314369,1
Pigeons Can Spot Breast Cancer | Soren Dreier https://t.co/LpTDDi52KL,667818863304704000,1
"I have a new found respect for women who have been through breast cancer and this surgery.
#ShowtimeKiLigContinues",667425347462438912,1
"Please help support Breast Cancer Awareness, add a #Twibbon now! https://t.co/dcZOCxzgR3",664215892666904576,0
#BreastCancer Breast Cancer Site. #shop4charities ‚óè  https://t.co/0II42Tq8Zm Please RT,668113528247721984,1
RT @ChevroletFC: This is who #iDriveFor during Breast Cancer Awareness Month. Let's help finish the fight! https://t.co/qbXNzC13lX https://‚Ä¶,661668191366680576,1
RT @MarkRuffalo: Men get breast cancer too. I'm supporting @One4TheBoys #InTheNipOfTime campaign. Learn more: https://t.co/pqcIgLjxTE https‚Ä¶,661252433914433536,1
And Another 'thing' about Histamine and Estrogen as they relate to Breast Cancer: https://t.co/sHKdkU6wLE via @YouTube,669373525677985792,1
"A study finds that pigeons, with training, can identify breast cancer in mammagrams just as accurately as human experts.",668178100669308932,1
This Short Animation Really Helped Me Understand The Basics Of Metastatic Breast Cancer. https://t.co/XRFPYn7tsx,668149290443763712,1
8-year-old has rare form of breast cancer https://t.co/Zi979BcCYZ,669358180753907712,1
[FUN FRIDAY! BREAST CANCER CHARITY STREAM][720p][60FPS]: https://t.co/WdDEGFIwAe,660295991996755968,1
"RT @Redaa_xx: As female we go threw a lot 
Rapeüòñ
Abuseüëä
Periodsüî¥
Abortionüò∑
Pregnancyüë∂
Harassmentüëã
Breast cancerüö∫
Being walked onüëü
Being che‚Ä¶",668541143471140864,0
@jss98rock  Female Rugby Team Strip Off To Raise Money For Breast Cancer Charity -  https://t.co/YS3lRPhi8L via @UNILAD,668773357672861696,1
RT @ABC: Medical mystery surrounds 7 sisters diagnosed with breast cancer: https://t.co/ObPw273uR3 https://t.co/1DFxa12f49,662838843574358017,1
RT @people: Our hearts go out to 8-year-old Chrissy Turner who has been diagnosed with breast cancer https://t.co/sWHzoQua4b https://t.co/o‚Ä¶,669386020094218240,1
@LombardiCancer About Breast Cancer https://t.co/GHzIaGvHPj  #Health #holistichealth #healthcare one share or retweet can change lifes,668267523024883713,0
"Pigeons Can Now Spot #BreastCancer  As Accurately As Human Experts, Apparently  -  https://t.co/ijRtB4LpNg",667488797014159360,1
RT @BCCare: There's no right or wrong way to react to finding out your loved one has breast cancer https://t.co/ljQiEzUhdJ https://t.co/IpE‚Ä¶,668072121898242049,1
"#breastcancer less surgery coming see ""Imaging vs Surgery for Staging the Axilla in Early Breast Cancer"" https://t.co/PEHQAhCaJh",668400960243388417,1
SciAm: Pigeons Tend to Land on the Right Spot When Looking for Breast Cancer  https://t.co/IUFalmqFyt https://t.co/6zqw7PqjMB,667731430190002177,1
RT @MyEHealth1: Cruciferous Vegetables Improve Survival in Women With Breast Cancer https://t.co/vr2Nf9NlC0 #conscioushealthsolutions #heal‚Ä¶,668697112008261632,1
RT @divyaspandana: Think Pink #fightcancer BGS hospital breast cancer awareness programme @Oracle employees &amp; cancer conquerers :) https://‚Ä¶,660601947431395328,1
#Breastfeeding Can Help Lower the Rising Risk of Breast Cancer in African-American Women https://t.co/UgFU94n2M8 https://t.co/Z4TBYx7Oai,668042886395461632,1
"Please help support Breast Cancer Awareness, add a #Twibbon now! https://t.co/xZ401k5FUS",662045906515030016,0
"RT @SportsCenter: DeAngelo Williams was fined by NFL for wearing ""Find the Cure"" in his eye black in honor of breast cancer awareness. http‚Ä¶",659519634572337152,0
Raising breast cancer awareness with our new pink shirts!,658794997911699456,1
Pigeons Tend to Land on the Right Spot When Looking for Breast Cancer Researchers train birds to identify cancer i‚Ä¶ https://t.co/XrCUG8svkW,667743783694548992,1
"RT @foxnewshealth: Pigeons tend to land on the right spot when looking for breast cancer 
https://t.co/R2KWNBOuD1 https://t.co/Fe1JqYYIGc",667416257327726592,1
RT @StokeDamerelCC: Plymouth twins completed GCSEs while caring for their mum suffering from breast cancer https://t.co/fPMkUXrTX2 via @Her‚Ä¶,668163095395704833,1
"RT @_TayHerbo: Pregnacy üë∂üèΩüíû, Periods üî¥, Breast cancer üòî, Being walked on üë£, Rape üîá, harrassment ‚úåÔ∏è, Abuse üëä Females go through A lot üò™ Wome‚Ä¶",667357762381312000,0
The shock of being diagnosed... #BreastCancer #Cancer #BreastCancerAdvice #BreastCancerhelp https://t.co/LyzwaGhYGN https://t.co/dJ4nDiSHwL,668763660861460480,0
Breast Cancer Awareness üíóüíóüíó Jackets Always supporting @YellinJackets @RSNsports1 https://t.co/ZrjxRzZTAy,657982403940630528,1
EPWE Underground Battle Against Breast Cancer 2015 recap (HD) https://t.co/4m8lZmrfwd,668331288735129601,1
RT @DPBronxPrepHS: Cheering for Breast Cancer Awareness.  Let's Go! üëèüèΩüëèüèΩSurvivorsüëèüèΩüëèüèΩ #DPPSCivics https://t.co/uVJPGTmMdF,657345547276328960,1
Hello @SocialBobbie thanks for posting. We would like to chat more about #breastcancer #medicalresearch https://t.co/zCyuboedM2,668116102652661761,1
BBC News - Pigeons identify breast cancer 'as well as humans' https://t.co/ewgkA9KHCn,668809960134938625,1
RT @el56747: @KrisPoB Please RT my blog to help raise awareness for younger breast cancer!  https://t.co/mslrJjxthr,664926554938560512,1
RT @EtsyLovely: Tougher Than Cancer  https://t.co/YgHcs8miKK via @Etsy #breast #cancer #survivor #etsymntt https://t.co/2RH2NHQRkC,667462498489139200,0
Deals &gt; https://t.co/4opLeCf94V #3312 Shark Fin Beauty -Breast Cancer Awareness Kit Swivel Thumb Left Hand Brand N‚Ä¶ https://t.co/87c7kknDjW,668325808763772928,0
RT @MDLinx: Vitamin D (25-0H D3) status and pathological response to neoadjuvant chemotherapy in stage II/III br... https://t.co/wLdXrFEpJJ‚Ä¶,669609056072519680,1
6 Glass Pink Ribbon Lampwork Handmade Awareness Beads Breast Cancer - Bid Now! Only $8.0 https://t.co/pcAMBFlNFm https://t.co/gjHzgE6EKp,668360225272016896,0
Read how Pilates helped a breast cancer survivor's recovery from surgery: https://t.co/9qIVaf76Zb #pinkribbon https://t.co/MHlisuCwaZ,664160865193738240,1
RT @MakaiClothingCo: October is coming to an end! Get your Makai #BCA shirt and help support Breast Cancer Awareness üéÄüòäüê¢ https://t.co/AOv8S‚Ä¶,660968986646077440,1
RT @HAPPENINGKENYA: Breast Cancer : 15-yr old struggles to overcome challenges after diagnosis https://t.co/B8JO1eZnbJ,668529352238358529,1
WEAR PINK WEDNESDAY FOR LAST DAY OF BREAST CANCER AWARENESS MONTHüéóüíó,658784383113912320,1
"In Japan, the breast cancer rates are 66% less than those in America, and iodine is the difference: https://t.co/7S28Bm2wUF #womenshealth",663001810676895748,1
"RT @SHAREing: Who knew pigeons were so clever?! Apparently, pigeons can be trained to spot cancer: https://t.co/JYBHvCvaD6",667829165287014400,1
Breast Cancer Foundation https://t.co/e0NtLpgcnf,668935219630571520,0
RT @Detoxificajun: New study finds even low levels of #parabens can stimulate growth of breast cancer cells. @smh @breastcancerfnd  https:/‚Ä¶,669120924612857856,1
Hi @covertress I saw your post. Can we connect about #breastcanceresearch #medicalresearch https://t.co/AQZ6bvxCbt,668569998156169216,1
RT @breastcancernow: Read our blog to find out about our research into male breast cancer #InternationalMensDay: https://t.co/EfxZaLP1cT ht‚Ä¶,668015911052443648,1
@APPGC Retweet Breast Cancer https://t.co/9dTiuQwUc6 via @@M_M_Rangoonwala #cancer #prevention #cancergenomics,669454177773477888,0
BREAST CANCER AWARENESS EVENT AT BANGZ SALON &amp; WELLNESS SPA... https://t.co/bASKYDNPGt,663088598548254720,0
"RT @WCRF_UK: This week is #AlcoholAwarenessWeek. Alcohol is linked to 5 common cancers including mouth &amp; throat, bowel and breast https://t‚Ä¶",667387375501357056,1
RT @NYPD60Pct: 60 Pct along with @ConeyIslandHosp planned a breakfast 4 breast cancer survivors. #raiseawareness #NYPDBlueGoesPink https://‚Ä¶,659832112879681536,1
"Please help support Breast Cancer Awareness, add a #Twibbon now! https://t.co/5FXrhdwF1E",658136345550848000,0
@nflnetwork @NFL Should Include Men in their Breast Cancer Awareness Promotion - Sign the Petition! https://t.co/fstUpAxhQM ‚Ä¶ via @Change,667211715227029504,1
RT @Body_Tattoos: HooplaHa:  WATCH: Tattoo Artist Helps Breast Cancer Survivors Reclaim Their Lives -  https://t.co/UgLe1HKQxp,663099992484089856,1
RT @FifthHarmony: your chance to join us in the fight against breast cancer ends at midnight tonight üíï https://t.co/vAOdYAHEuI,660295687226195968,1
RT @Cosmopolitan: This 8-Year-Old Girl May Be the Youngest Person Ever to Have a Rare Form of Breast Cancer https://t.co/BRS8rszjQi https:/‚Ä¶,669613860442251264,1
RT @MCRBreastCentre: Tim Hunt and Dennis Slamon at #NCRI2015 showing how CDKs in breast cancer went from discovery to cure in 25 years http‚Ä¶,668815477758652416,1
This Woman Wore A Snazzy Hat Every Day Of Her Chemo To Raise Breast Cancer Awareness - BuzzFeed News... https://t.co/eFZJCPaADs,660548234956308482,1
"RT @NeverTakeitOff: All @keepabreast 50%OFF 
End of Breast Cancer Awareness Mo. doesn't mean we should stop being aware
@JulietSimmsALL htt‚Ä¶",661248584369614848,0
Breast Cancer Rising in African-American Women: Obesity Raising Risk https://t.co/du2ouKJnzx,668055120136036353,1
I liked a @YouTube video from @cannisacade https://t.co/hKwzrlcDIC All Pink Tutorial | Breast Cancer Awareness| Collab w/IAMNoir,667201989483302912,1
One More MRI And I'll Stick To The Fridge https://t.co/R941YOtKPD  @Etsy #breast #cancer #survivor https://t.co/2qQvZ68K8H,669231692947787777,1
@CureCancerNow Retweet Breast Cancer https://t.co/9dTiuQwUc6 via @@M_M_Rangoonwala #cancer #prevention #cancergenomics,669404379871584256,0
RT @JAMAOnc: The Evolving Landscape of HER2 Targeting in Breast Cancer https://t.co/NPTyc6514J,668803075340013568,0
"RT @MayoClinic: More people die of #LungCancer than of #colon, #breast, and #prostate cancers combined. Reduce your risk: https://t.co/hPEJ‚Ä¶",668119756575232000,0
"RT @DeemiiM: A breast cancer patient going for total mastectomy had a request before surgery, it was to be filmed dancing in O.R. https://t‚Ä¶",667692509229883392,0
"RT @yobf_lovemee: God is good , my mother finished her last chemo treatment today .. Breast Cancer is almost over . So happy for herüòò https‚Ä¶",668637347827740672,1
"Here is our page on spotting the signs of lung, breast, bowel and prostate cancer - https://t.co/MsVToRxXYi",668671217306607616,1
6 Things Only #Women With Breast Cancer Can Relate To https://t.co/8lmyD9MMAs https://t.co/0PmDrP0BtF,668696256839966720,1
"Breast Cancer Awareness Edition black and pink shirts
1 large and 4 xl remaining on hand contact me https://t.co/04XIdfaDyq",658665163411824640,0
RT @BetterAfter50: How One #BreastCancer Survivor Found Herself Again With peach¬Æ https://t.co/7i8QxPJlkm @WeLovePeach,668837772250226688,1
"RT @drheatherfurnas: Patient info on Surgical procedures for #breastcancer #BreastReconstruction 
https://t.co/N2aFRp1pOJ
TY @CastlDalmunzie",669581388652220416,0
Pigeons 'remarkedly adept' at detecting breast cancer https://t.co/5gMNt4wK7g,667568309165006848,1
Girl fights rare case of breast cancer at age 8 and will need to undergo a mastectomy: https://t.co/AwX2lpXx2H https://t.co/WRwIgkySb6,669342329103347712,1
@gabe_mangrum18 guys can get breast cancer too...lol,668079581316911104,1
@nadyaagabol tld 2 provide Psychiatrists 4 Women inmates n Medical aids 4 Breast Cancer screning. @BBhuttoZardari   @SRehmanOffice @falamb3,669456727297957889,1
RT @Positive_News1: Orange For The Cure Event Invites Pink Warriors To Workout For Breast Cancer ... - Stuart Magazine https://t.co/SaI8Ygr‚Ä¶,668198053354934273,1
Jen Journey Breast Cancer Scam &amp; Killer Vegan Diet: Jen Journey‚Äôs own words prove that she‚Äôs lying about havin... https://t.co/tPNmXuxZrX,668017622126981120,0
RT @TheMuttonClub: Why is breast cancer becoming deadlier for black women? - https://t.co/Tdy5HuWoSs https://t.co/upcMLzJtii,662286386691706880,1
"RT @BCCare: Exercise has its benefits when you have breast cancer, from reducing fatigue to regaining a sense of control https://t.co/gz1xO‚Ä¶",667728685512966144,1
High olive oil consumption linked to lower breast cancer risk: The PREDIMED research is helping to establish o... https://t.co/hpLpNFSL15,667465725833949184,1
Can Olive Oil Reduce Your Risk of Breast Cancer? https://t.co/ftF3c67aEx,667150368300802049,1
Checkout your Bulldogs sporting the pink ribbons on their helmets and tape for breast cancer awareness! ‚òùüèΩÔ∏èüèàüíü https://t.co/fuTgAJ7X6B,665591355154935810,1
@NowCureCancer Retweet Breast Cancer https://t.co/9dTiuQwUc6 via @@M_M_Rangoonwala #cancer #prevention #cancergenomics,669464090021117952,0
"left eyebrow: won a noble peace prize, discovered cure for breast cancer, 1st female pres. 

right eyebrow: supports trump, a failure, 0/10",668980986382827521,1
I feel like the logical conclusion here is that humans are just really bad at detecting breast cancer. https://t.co/cej1ajdaN2,668929334070157312,0
Why #men should check themselves for breast cancer https://t.co/7m4fFEyGe3 https://t.co/V4tw792xjv,661672139238453248,1
"RT @LeedsNews: Leeds ‚Äòwill not meet‚Äô national breast cancer target in the near future, health chiefs claim https://t.co/Fsc4btEuDK https://‚Ä¶",669474474987823104,0
UCLA cancer pioneer collaborates with Apple on first-ever mobile app to track breast cancer survivors' experiences https://t.co/Fyt1dgWBD6,667150258015719426,1
RT @ProtectThePecs: #snrtg NFL should include men in their breast cancer awareness campaign! Sign the Petition! https://t.co/A5o8gwFKug,667442900536545280,1
"@BCCare please retweet &amp; follow help me with breast cancer awareness, I'm a 2x survivor and on a mission to make people breast aware xx",660603952669597697,1
Japanease Salaryman LINE Stamp Now On Sale!!!! https://t.co/Q0gbVYmJV3 HEARTBREAKING BATTLE  8-yr.-old in cancer ‚Ä¶ https://t.co/EOESjSwdFm,669561155459923968,0
RT @kiranshaw: Talking About Breast Cancer: A Change in Attitude Can Save Lives - https://t.co/JNcW8HgBli - a must watch discussion https:/‚Ä¶,669036962443976704,1
Pigeons identify breast cancer 'as well as humans' https://t.co/W6rarjV7C9,668583140542271488,1
Breast Cancer Awareness #Noni ‚ù§ https://t.co/u4YdYwPisq,661044057246982144,0
RT @bridge2225: @JoanLunden 30% who have had breast cancer will b diagnosed metastatic #iamsusan #dontignorestageiv,668971751578046464,1
The bald and bold look https://t.co/pFbOCvIWIX,668546662135123968,1
@HollyConrad Pigeons taught to diagnose breast cancer on X-rays https://t.co/LkFigkyChE,667680775563689984,1
FORAFIA BEAUTY : https://t.co/5apBgrVzJb #552 Le-Vel THRIVE DFT PINK Breast Cancer Awareness Pack 30 Skin Patches ‚Ä¶ https://t.co/UEoCDFi2GH,668419850923057153,0
RT @AHealthBlog: Walking each day reduces risk of breast #cancer ‚û° https://t.co/ng1hiKqdz3 https://t.co/r9fKGR5xDQ,668290527297671168,1
"RT @WeRConscious: Breast Cancer, a Global Disease https://t.co/PG42Y3n0fy #conscioushealthsolutions #health",668288816138944513,1
"RT @OfficialMarkO: Thanks everyone who came tonight
Thank you for supporting Breast Cancer awareness with us
Thank you Dubai
Love
M.O
X htt‚Ä¶",663072223142518790,0
18 Enlightening Quotes From Breast Cancer Survivors To Inspire You Like Nothing Else https://t.co/Loq7L6lDMa https://t.co/U64lJKj9pA,668794774732730369,1
RT @DarleneKing13: 11/21 7pmEST playlist HOLDING ON by @treykmcnair  Dedicated 2All facing breast cancer. Thank U Trey @psiles SOAD https:/‚Ä¶,668215658124021760,1
Is There a Link Between Cell Phones and Breast Cancer? - https://t.co/jDqVnRYyHa https://t.co/ejqRyDLQ9A,669342281858592769,1
Even if you don‚Äôt have insurance patients should contact their local breast imaging center to check for discounts. https://t.co/ktKWrJVgPB,668516924037439492,1
"Le-Vel Raises $250,000 For National Breast Cancer Foundation ‚Äî Direct Selling News: https://t.co/qARCElwXra https://t.co/QWwPBlYfFb",669410745159966723,1
BEAUTY TIPS NEWS : https://t.co/PHGsJY4JnA #910 Shark Fin Beauty -Breast Cancer Awareness Kit Swivel Thumb Left Ha‚Ä¶ https://t.co/jvncj1uzR4,661246806144233472,0
RT @TIME: 8-year-old Utah girl diagnosed with rare breast cancer https://t.co/baxF3EO698,669308389621702656,1
RT @FoxNews: 8-year-old daughter of cancer survivors diagnosed with rare form of breast cancer https://t.co/JcG7p6aYYd https://t.co/zoxnYsI‚Ä¶,669563412767051776,1
Why I Walk: My Avon Breast Cancer Walk Experience https://t.co/QxPwcb5MU1 #conscioushealthsolutions #health,668818574211854337,1
#8yearold has rare form of breast cancer https://t.co/7RSGzOHLxk https://t.co/9ELL5yn5Ra,669613573878890496,1
Untangling the non-invasive breast cancer controversy https://t.co/5eSlJ2uGFC #Health via @HarvardHealth https://t.co/HTjvmDnhgj,667255201305350144,0
Paging Dr. Pigeon; You‚Äôre Needed in Radiology: Researchers have found that the birds can be t... https://t.co/rwf8OQkAAt #TheArkOfTwitter,669210263107735552,1
"8-Year Old Battling Breast Cancer, After Parents Suffer From Similar Ailment https://t.co/33TiI6dggF",669381376173477888,1
#BreastCancerAwareness: Breast Cancer Site. #shop4charities https://t.co/s8mTAEEvO0,668536262752641024,1
"@grandeamore55 @tcmwineclub In 2003, my paternal cousin also had breast cancer and died young at 38!!",662840575696248832,1
Topic Tuesday: Most women undergoing checks for breast cancer are unaware that drinking alcohol or obesity...https://t.co/4EPLvZRsv0,669247125369262080,1
"Deals #552 https://t.co/f2TkRVc7f1 Fin Beauty -Breast Cancer Awareness Kit Non-Swivel Left Hand Brand New! via eBay_US

$332.95
End Date: ‚Ä¶",668856897055932416,0
Students Strip Off To Raise Money For Breast Cancer Charity https://t.co/LbeJ6r5jx2,669639512759410688,1
RT @snoopysofly: Breast cancer awareness doesnt need a month it should be every day https://t.co/7h8hjvEkco,662286022315794433,1
6 Things Only #Women With Breast Cancer Can Relate To https://t.co/VaHelmdzG8 https://t.co/Lr2JCt8nZr https://t.co/1hqeYjRKTU #selfhack,668397265506185216,1
To young!!! Little girl is a fighter though!!!  https://t.co/bbLntz4dyR via People,669273493134041088,1
anning died from breast cancer at the age of 47 on 9 march 1847.,668980109014093824,1
Hot Deals : https://t.co/a5khRVBgIB #7194 Shark Fin Beauty - Breast Cancer Awareness Kit Non-Swivel Right Hand Bra‚Ä¶ https://t.co/Pf8eyS9ubT,667456540161519617,0
"RT @rhrealitycheck: For my 35th birthday, my gynecologist gave me a prescription for a mammogram. https://t.co/pWxN4DnGIt",668445214000967680,1
@BreastCancerIre About Breast Cancer https://t.co/GHzIaGvHPj  #Health #holistichealth #healthcare one share or retweet can change lifes,668265016638902272,0
RT @FashionOvernews: 6 things no one tells you about cancer-related breast surgery https://t.co/XKOwDqgACy https://t.co/P9yLonsOyo,668082318301659136,1
"Girl, 8, diagnosed with BREAST CANCER is thought be the youngest person to ever have the disease ¬†: Chrissy Tu... https://t.co/nEJO157Bov",669145669219651584,1
"RT @MissyFrye: An emotional, honest, warm and humorous account of one woman's battle with breast cancer @jaxbees https://t.co/Co4abOr2th vi‚Ä¶",667475772895006720,1
RT Syphillis. HIV. Breast cancer. Huntington. RT @hfzis: whats wrong with me,668070497003831296,0
UNC cancer center making strides to fight breast cancer - WTVD-TV #BreastCancer https://t.co/PkRvKCYGl7,667438720203780100,1
"Please help support Breast Cancer Awareness, add a #Twibbon now! https://t.co/Sf6PTKc1J8",658398932683231232,0
Pecking Pigeons Detect Breast Cancer https://t.co/uO38THG3b8 https://t.co/WdSBlnVGu5,667754302526455808,1
RT @APROKOADDICT: See the common habits that cause breast cancer. https://t.co/7EMkGkhMaO ...,667314423292256257,1
"Girl, 8, diagnosed with BREAST CANCER is thought be the youngest person to ever have the disease ¬† | Daily Mail O‚Ä¶: https://t.co/6EJEUh5lG3",669153291650129920,1
RT @JoeyThySavage: 500 RT and I'll dye my hair pink for Breast Cancer Awareness. (It Won't Happen) https://t.co/WjRWRLNHzN,657345138759475201,1
True cancer clusters ‚Äúvery rare‚Äù - 6minutes: True cancer clusters ‚Äúvery rare‚Äù6minutes‚ÄúThe [Toowong] breast can... https://t.co/lOOVsGWGjd,668690397569282048,0
@Prettynpinkni Retweet Breast Cancer https://t.co/9dTiuQwUc6 via @@M_M_Rangoonwala #cancer #prevention #cancergenomics,669456255681974272,0
Breast Cancer: Successful Recovery without Chemotherapy https://t.co/5Do2Pa5uDd via @csvibrations,667350896255197184,1
RT @legacyhs18: PINK OUT TOMORROW!! Wear all the pink you can to support breast cancer awareness!!üå∏üéÄüíñüíìüíûüíïüíüüíùüíòüíó,657345315045965824,1
San Diego 3-Day raises $5.9M for breast cancer fight https://t.co/6wmWImEh4V,668666801690009601,1
@samford13 Thank you Sam! I really hope it is Reigns turning heel. But Reigns is doing a ton of Make A Wish and Breast Cancer awareness,665562486314266624,1
Mason researchers patent new breast cancer treatment - https://t.co/zoILziU4q4 https://t.co/uhCxGDFbas,668041794177728513,1
@Cancer_Society2 Retweet Breast Cancer https://t.co/9dTiuQfiNw via @@M_M_Rangoonwala #cancer #prevention #cancergenomics,669558207858151424,0
"New Today Utah girl, 8, is diagnosed with rare form of breast cancer best: 
An 8-year girl in Utah learned ear... https://t.co/7WDWt6ZdJP",669503983233273856,1
RT @OutfittersHp: Breast cancer awareness month is here! Stop in for great deals ! #pink #ruger #hpoutfitters #guns http://t.co/Ytr7SkN1nt,669075772892549121,0
"Product Review: TP53 Antibody (AMM00025) in MIA PaCa-2 human pancreatic cancer cell line, MDA-MB-231 Human breast... https://t.co/ZrX1d6rf48",668701757040553984,0
"We are starting a new project in our lab on obesity and breast cancer and now I'm totally overthinking my diet, body fat, insulin, BMI, etc.",667747315856207872,1
Breast Cancer Survivor Gets An Amazing Tattoo!  https://t.co/LUNBmwtY8v,663866618569760768,1
@BillRancic @NFL should include men in their breast cancer awareness campaign. Sign the Petition! https://t.co/A5o8gwFKug,667573941855248385,1
@RadioWoodstock thanks for the post. I would like to discuss more about #breastcancer #medicalresearch https://t.co/zCyuboedM2,667707948458577920,1
"Looking after your mental health is just as important as looking after  your physical health, take some time for you https://t.co/2zzMBrTo8I",669289453584683010,0
Markers Could Predict Risk of Brain Metastasis in Breast Cancer Patients - Cancer Network https://t.co/FyNwVG7LXX,668189478389997568,1
#Breastfeeding Can Help Lower the Rising Risk of Breast Cancer in African-American Women https://t.co/OEwQpz8AHu https://t.co/l6YMP5E58g,667833198408105984,1
6 things no one tells you about cancer-related breast surgery https://t.co/spalAAuFow,668044295451078656,1
Army Unveils Pink Camouflage Uniform For Breast Cancer Awareness Month https://t.co/ci5gL6fySf,663853529145040896,1
"RT @GoAskDrA: Ladies, be smart, be aware.  It's breast cancer awareness month.  Educate yourself and do your monthly self exams! https://t.‚Ä¶",659517818896048128,1
RT @YSUSwimDive: Swimming against Duquesne today where both teams are promoting breast cancer awareness! üêßüéÄ #GoGuins,658066152502001664,1
@StupidCancer Retweet Breast Cancer https://t.co/9dTiuQfiNw via @@M_M_Rangoonwala #cancer #prevention #cancergenomics,669382605574311936,0
RT LnMcglwn848 Anning died from breast cancer at the age of 47 on 9 March 1847. #HealthyLiving,668005021221527552,1
"Please help support Breast Cancer Awareness, add a #Twibbon now! https://t.co/fjZGX47zLo",659517066005712896,0
Brush up on the signs &amp; symptoms of breast cancer. Awareness alone doesn't save lives. Actions do. https://t.co/aoXfDGyOjH #2ndBaseSat,665582882010882049,1
New patent paves way for #breastcancer prevention https://t.co/h5bwf1PpZr,669153783998451712,1
RT @ESPNCFB: Pitt makes a cool change to their helmet tonight in honor of breast cancer awareness. #UNCvsPITT https://t.co/pYecQd5O69,659882024816242688,1
RT @Independent: Samuel L Jackson and Mark Ruffalo go topless for cancer awareness (NSFW) https://t.co/UrYBlsTzoO https://t.co/8xHmHXs4UW,664926379377602560,1
Beauty Today &gt; https://t.co/giYLJl5jIB #78191 Portable Infrared Light Breast Cancer Testing Analyzer Breast Angel ‚Ä¶ https://t.co/0Ees3nUhMZ,668408039746183170,1
RT @DrMarisaWeiss: Breast cancer in black women is an even greater concern: its incidence is rising &amp; it‚Äôs still more life-threatening http‚Ä¶,669517235938021380,1
RT @EtsyLovely: I Walk For My SISTER    https://t.co/3C8vAVZ7dw @Etsy #etsymntt #breast #cancer #walk  #survivor https://t.co/Ur68nUZrNS,665705712136396800,1
"RT @PeaceofTheSouth: RETWEET for Breast Cancer Awareness Month üéÄ

       üíûüíû
    üíû     üíû
   üíû       üíû
    üíû    üíû
     üíû üíû
      üíûüíï
     üíïüíû
 ‚Ä¶",658491521977733121,0
"Fact: 1 in 3 women who get breast cancer are over 70, so don‚Äôt assume you‚Äôre past it https://t.co/vKEB6hfdZL https://t.co/SpLA8bwXRc",668114358078189568,1
"RT @BCCare: Night can be a lonely time if you have breast cancer, our forums are always ready to listen https://t.co/eIJLYtn8oa https://t.c‚Ä¶",668686002920267776,0
"RT @Clothes_Club_UK: Our next event is tomorrow, it's not too late to get a ticket if you'd like  #secondhandfirst (@traid @BCCare) https:/‚Ä¶",669109055814819841,0
Click To Give @ The Breast Cancer Site https://t.co/2SMsv545M7 via @po_st,667760508255227904,1
15 Times Breast Cancer Scars Were Transformed Into Awesome Tattoos https://t.co/qPsaglWsoe,669138171733536773,1
I Helped My Wife Kick Cancer's Butt   https://t.co/cVXEPdTtR3  @Etsy #breast #cancer #survivor #walk https://t.co/errhfxtIGd,667427287630028801,1
"National Cancer Institute - Finally Admits THC Causes 45% Remission in Bladder, Breast, and... https://t.co/MGsqxoxgLn",669546247825391617,1
New drug company‚Äôs big-hearted model https://t.co/0KJdykxFcv (Business) #brisbane #qld,669471984506552320,0
#givingtuesday: Shop #4charity: Breast Cancer https://t.co/cUfP0sm7HL,669259817161252864,1
Breast Cancer Awareness Month: There Is Hope After A Breast Cancer Diagnosis https://t.co/mZkGXNsmLe #conscioushealthsolutions #health,669096912822276096,1
"RT @dramafever: #ParkShinHye, #CL, #Rain, #Kai and more on W Korea breast cancer awareness event red carpet https://t.co/bR3dNVP4lI https:/‚Ä¶",663500787708878848,1
RT @moore_mel: We are out here supporting Making Strides Against Breast Cancer! #IDriveFor https://t.co/pTnuAycKba,658870205154742272,1
"In class, risk factors of breast cancer (5). Oral exam, risk factors of breast cancer (50) #myMBBSstory",668575771749965824,0
St. Joseph's Candler/Savannah Morning News raise money for breast cancer research - Savannah Morning News https://t.co/nafp4Plcpq #cancer,669396988975325184,1
"@mc_nelson_inxs Pigeons classify breast cancer images: A study finds that pigeons, with traini... https://t.co/2L7GlpEgoS @mc_nelson_inxs",667715862560768000,1
So awesome!!!! https://t.co/7cqYBiTcld,667937218435108864,0
"Of This Sad Time: My Wife's Journey Through Breast Cancer
by Karl D. Stephan - Stephan Publishing. https://t.co/HSTsKzfnZ9",669502132840734720,1
#BreakingNews 6 things no one tells you about cancer-related breast surgery https://t.co/S2eyWPHnZz,668039213246365696,1
@bcaware About Breast Cancer https://t.co/GHzIaGvHPj  #Health #holistichealth #healthcare one share or retweet can change lifes,668261047938060289,0
Got the Breast Cancer Research Internship #bionerd,667162050150318080,0
"@MonsterEnergyCa Single mom of 2 DESPERATE need of HELP Breast Cancer double mastectomy,hysterctomy,med treatment  https://t.co/VO1pFwWvf7",669483263300411393,1
RT @tigerlilycares: Great story on Shondia Sabari's participation in our Breast Screening Advocacy Day last week! @Boldbreastless https://t‚Ä¶,668818524517855232,1
RT @TheGoodBreast: Makes many good points. #pinkisnotacure #breast cancer  https://t.co/29azWQhg3K,659366773179875328,0
"Minnie Ripperton's Real Reason For 'Loving You"" https://t.co/GcZztP0UGD",667782683833987072,0
Hey @ClaireFilan I saw your post. Would love to talk more about #breastcanceresearch #medicalresearch https://t.co/AQZ6bvxCbt,668433287124152321,1
Not all healthy diets prevent breast cancer: https://t.co/RoKhCxx59K,668503267358474241,1
All Cancer Is Metastatic! https://t.co/XNhrr7yK0m #conscioushealthsolutions #health,667816959421972481,0
Trials begin on proton beam therapy for early-stage breast cancer - AJW by The Asahi Shimbun https://t.co/HMQwG415Bk #news,669080479287521280,1
RT @Itu_cocomel: Survivors and those recently diagnosed with breast cancer @YFM_Academy walks with you! Thank you @ithembaCrusade,658492729308094464,1
"RT @AfterMastectomy: Thank you @MyTrialBuddy for following RAFT's fundraising campaign, Life After Breast Cancer",668888784151384064,1
Pigeons taught to diagnose breast cancer on X-rays https://t.co/Wqxp3tg16o,667329842082242561,1
RT @_Roee_: Happy October! It's breast cancer awareness month! üéÄüéÄüéÄ http://t.co/kQZwIhT3oV,656983273885859841,1
"RT @CDC_Cancer: After her #BreastCancer diagnosis, Carletta decided to get genetic testing. https://t.co/VzWLZV0E1V #BringYourBrave https:/‚Ä¶",668155054441017344,0
Can You Figure Out Why Instagram Is Banning Photos Like These? https://t.co/6OFSmB9DiA,667164423056982016,0
Axillary Radiotherapy for Early Stage Breast Cancer With Limited Positive Sentinel Lymph Nodes: This study is... https://t.co/qa8myalS7U,668950822076727296,1
RT @LoveLeigh_Helio: I cannot say it more.....Nature is ALWAYS the better alternative to drugs....especially something is toxic as... https‚Ä¶,668007057270837248,0
"8-Year Old Battling Breast Cancer, After Parents Suffer From Similar Ailment https://t.co/XC2W6OvoMV",669387464377696256,1
RT @businessinsider: Scientists say pigeons can identify breast cancer as well as humans https://t.co/7OFhHLudpG https://t.co/ZLVTXkCYfi,669036069061574656,1
"Avon Breast Cancer Crusade - Beauty Products, Anti-Aging Help And More All of Florida:  https://t.co/oS7WFHBbT6",668078336887779328,0
#BreastCancerAwareness: Breast Cancer Site. #shop4charities ‚óè https://t.co/BvHHTt5dPR ‚óè Please RT,669170495506501632,1
RT @APROKOADDICT: See the common habits that cause breast cancer. https://t.co/7EMkGkhMaO .,667314148032643072,1
Pecking Pigeons Detect Breast Cancer https://t.co/vMXh6u1day https://t.co/ja31jT2UeA,667747257509281792,1
If all that's left is an empty wrapper - you know it's good. https://t.co/n9O1mzRvFM That brings to mind breast cancer awareness. Love pink!,668866547193024512,1
#AdoftheDay: This beauty brand's breast cancer #ad is anything but skin deep: https://t.co/Dx3u9HtDz9 https://t.co/cd2V2lBqpL #advertising,669384225989201920,0
RT @rapplerdotcom: This is the story of a woman at war. This is her picture. This is her scar. https://t.co/94pV1IPvFJ https://t.co/YMMs5u0‚Ä¶,668478645401292800,0
"RT @movementismeds: Alternative Medicine Therapies for Breast Cancer - https://t.co/SyNLVrf6va

#wellness #health #lifestyle https://t.co/B‚Ä¶",669472353164857344,1
Thanksgiving foods to fight breast cancer. Will you try any of these recipes? https://t.co/WfyDocxsT5,668101776806146048,1
@NutsAboutCancer Retweet Breast Cancer https://t.co/9dTiuQfiNw via @@M_M_Rangoonwala #cancer #prevention #cancergenomics,669533687696896001,0
RT @Reemali909: #breast cancer awareness dayüíó https://t.co/zOKpX22yxx,659831488175669248,1
RT @APROKOADDICT: See the common habits that cause breast cancer. https://t.co/7EMkGkhMaO ....... #profsomebodydotcom .,667315096671027200,1
Intraoperative 3D Navigation for Single or Multiple 125I-Seed Localization in Breast-Preserving Cancer¬†Surgery. https://t.co/tY7bOTqBOO,668888894381817856,1
( ‚ô• #CesarAcosta ‚ô• ) 6 things no one tells you about cancer-related breast surgery: I... https://t.co/lbkNDuP3dk ( ‚ô• #CesarGarcia ‚ô• ),668040122495987712,1
A frequent genomic alteration is identified in a rare subset of breast cancer https://t.co/kcYiyAP5Oo,668740553631268864,1
RT @sciam: Pigeons trained to identify breast cancer in images of tissue samples and mammograms https://t.co/szYB21teMt https://t.co/pWvefu‚Ä¶,668443533460824064,1
RT @FOX59: 8-year-old Utah girl diagnosed with breast cancer https://t.co/h49iSed1tR,669647432171528192,1
RT @IVF_RR: 7 Things to Know About Breast Cancer and Infertility - Columbia Fertility Associates https://t.co/ODeeLOHXTU https://t.co/6REFr‚Ä¶,668963746656690176,1
"8-Year-Old Fights Rare Form of Breast Cancer: Chrissy Turner, age 8, will undergo a mastectomy in December to ... https://t.co/kgQJcaYfy7",669314184962682880,1
RT @AimeeStubbs: PLEASE SUPPORT THIS CAUSE üôèüèªüòòI'm+uniting+against+breast+cancer+with+@walkthewalk+@everydayherouk+#everythingcounts https:/‚Ä¶,669261381921808385,1
Can pigeons recognise breast cancer? - Life &amp; Style - NZ Herald News https://t.co/s3p6dauJ76,668024936724692992,1
#BreastCancer Now responds to NICE's final recommendation to reject Kadcyla for routine #NHS use https://t.co/YLKhW8bIpn,667280177592795136,1
RT @Adweek: Grocery chain reminds shoppers to check their melons in cheeky breast cancer stunt: https://t.co/pYwV4Qv72M https://t.co/bSlDuB‚Ä¶,669223098315485189,1
"Tattoo Artists are Transforming Breast Cancer Scars into Beautiful Artwork: Following mastectomies, these brea... https://t.co/VMXoha7luZ",668078515883892737,1
"10 Risk Factors Of #BREAST_CANCER!!!!
#Hormone_Therapy

 Read More -: https://t.co/lJ5QoxSbB7

#Suryachildcare... https://t.co/x7vim1FfWL",667247216189280257,1
Shop To Fight Breast Cancer! Purchases Help Give Free Mammograms! https://t.co/3LuRV32Z4a Please RT,667146893269598208,0
RT Pigeons identify breast cancer 'as well as humans' https://t.co/sqLIkgYE5h,668078124328857600,1
Study: Cannabidiol (CBD) Kills #BreastCancer Cells #medicine #medical #cancer #treatment #health https://t.co/wodUMwpxvJ,667169233286127617,1
RT @OnAirWithRick: The brave little girl fighting breast cancer at the age of just 8. https://t.co/SnHMoFQQar,669269059096064000,1
6 things no one tells you about cancer-related breast surgery https://t.co/G8CM3WT3PV,668039283077332992,1
@KristinaRienzi thanks for posting. I would like to discuss more about #breastcancer #medicalresearch https://t.co/zCyuboedM2,668176956026851328,1
RT @EtsyLovely: Tougher Than Cancer  https://t.co/YgHcs8miKK via @Etsy #breast #cancer #survivor #etsymntt https://t.co/x6Sgb7WamE,668912565406273536,0
RT @EtsyLovely: I Have Chemo Brain  What's Your Excuse? https://t.co/LO2LwFoCmU  @Etsy  #etsymntt #Breast #cancer #survivor https://t.co/Py‚Ä¶,668589502592610304,0
RT @CDC_Cancer: What Meagan's experience finding a lump in her breast taught her: https://t.co/Nwz0cL1ZUP #BringYourBrave https://t.co/zZXr‚Ä¶,669541632492965888,1
Help Mommy Has Breast Cancer every time you shop: https://t.co/jnXzDu40xA https://t.co/w7Xli9YHjf,668984151479980032,1
RT @InStyle: Here's your first look at @PamelaLoveNYC's (affordable!) jewelry collection that gives back: https://t.co/cuTqsFEh1V https://t‚Ä¶,667931690707234816,0
#Pandora #Jewelry Authentic pandora silver charm bracelet with charms pink breast cancer boot https://t.co/vGsOcZldfK #Bracelet #Charms,667280590484340736,0
RT @SkyNews: 'Jolie Effect' Sees Rise In Pre-Cancer Breast Ops https://t.co/JD94B6oRHq,669404778192072704,1
@CancerComDoc Retweet Breast Cancer https://t.co/9dTiuQfiNw via @@M_M_Rangoonwala #cancer #prevention #cancergenomics,669514258086891520,0
@Slowgun66 *applauds* indeed just before seeing this tweet i say one of denying a man breast cancer treatment on the sole reasn he was a man,667349603923140609,1
One More MRI And I'll Stick To The Fridge https://t.co/f65i9R3xha  @Etsy #breast #cancer #survivor https://t.co/j3KfppTfPE,667920391336275969,1
Breast Cancer Survivor Gets An Amazing Tattoo! https://t.co/ex6NNAeNMp,668321312645902338,1
Angelina Jolie boost for breast cancer operations https://t.co/n1Av3ZELxQ @MailOnline,669359667777155073,1
RT @LatinaLista: New Model Helps Better Predict Breast Cancer in Latinas https://t.co/hsdIcwFwSX,669550268741218309,1
"A mom fighting breast cancer and a daughter fighting brain cancer. Such a powerful picture
#LOVE https://t.co/6FuCL5tA2r",667302987690192897,1
"pigeons &gt; humans 
Pigeons 'remarkedly adept' at detecting breast cancer https://t.co/pELIGv6pal #abcnews",667569230393446401,1
RT @10queues: Pigeons identify breast cancer 'as well as humans' https://t.co/qedaXPjK4G,667871070976917505,1
"RT @Heckaveli: Breast Cancer is an everday ,all year battle. We must raise awareness outside of October. #breastcancer  @Teespring: https:/‚Ä¶",663088412501663744,1
RT @mactioncasting: Angelina Jolie and Brad Pitt open up in a rare interview about their personal lives! https://t.co/wVn3rezFpl (Via @TooF‚Ä¶,668822760257376256,0
via @NatGeo: DDT #Pesticide Linked to Fourfold Increase in #BreastCancer Risk: https://t.co/ZUNz0tsh7V https://t.co/PFIYJ6pbkn,667628559431827456,1
Menopausal Hormone Therapy use and breast cancer risk in Australia: Findings from the New South Wales Cancer‚Ä¶ https://t.co/SomqNRryei,669203854420918272,1
Covering Up The Causes of Breast Cancer Since 1985: AstraZenecas BCAM https://t.co/qxRxBifxfP  via @3tags_org #PJNET,669121133031981058,1
Way to go Lady Tigers Cheer squad for raising $552 for @SusanGKomen breast cancer research. #HarmonyCares4Community https://t.co/Q8XivOgE5Y,667738336535011328,1
RT @officialdaddymo: This is the reality behind #NoBraDay trend Pls spread awareness. Breast Cancer is real and affects lives everywhere ht‚Ä¶,665239496250802176,1
@BloodCancerUCSD Retweet Breast Cancer https://t.co/9dTiuQfiNw via @@M_M_Rangoonwala #cancer #prevention #cancergenomics,669512555820290049,0
"RT @anandibenpatel: Extending govt benefits to Ness dwellers in a month, free treatment for breast,cervical &amp;mouth cancer; Govt has reached‚Ä¶",669456698109763584,1
RT @APROKOADDICT: See the common habits that cause breast cancer. https://t.co/7EMkGkhMaO ....... #profsomebodydotcom ......,667316886456127488,1
#8yearold has rare form of breast cancer https://t.co/PTHeNBdbzn https://t.co/wpMdWOI33C,669632146122784768,1
"RT @zaaransari: my grandmothers breast cancer has spread to her cranium &amp; has taken over. She doesn't have very long to live, please keep h‚Ä¶",668646866364444672,1
RT @EtsyLovely: I Walk For My SISTER    https://t.co/3C8vAVZ7dw @Etsy #etsymntt #breast #cancer #walk  #survivor https://t.co/9Mx3DUkaJE,668261986212401153,1
Mesenchymal Stem Cells Induce Directional Migration of Invasive Breast Cancer Cells through TGF-Œ≤. https://t.co/sZKWYAIzKr #breastcancer,668023117315371008,1
Pigeons classify breast #cancer images with 85% accuracy after 2-weeks training  https://t.co/eez14YbEMp,667722546620448768,1
Baby&gt;Cancer&gt;Researchers identified genomic differences between breast cancer tumors of b...https://t.co/Zij9gR7p2J #baby,664164421346959364,1
"RT @_YallSCREAMJoy: Today is the 4th year my mom been a breast cancer survivor üíïüéÄüôè she's literally all I have, I thank God for her üòû https:‚Ä¶",668861496064131073,1
"SPECIAL FROM You knew that there were some illnesses that affect more women than men; breast cancer and osteoporosis, for example, are two",669580345197498368,1
8-year-old has rare form of breast cancer https://t.co/2gBZXdSkax https://t.co/LdWLMolUQI,669222427386388481,1
"RT @Liz_ORiordan: Breast Cancer is like a triathlon - chemotherapy,surgery and radiotherapy!  https://t.co/TfsZAJ7qtZ
 @UkTriChat @Triathlo‚Ä¶",669263487110094849,1
New post added at TUTUZ NEWS - What do the new breast cancer screening guidelines recommend about when to ... https://t.co/YWVtsHnG0e,661251841339072513,1
@GlamModelAbby Do you think Breast Cancer pink goes better with black or navy? #Thanksgiving #fashion,669118289524555777,0
RT @medical_xpress: Antibody-drug compounds and immunotherapy to treat #breastcancer https://t.co/4eAH2iAe2N @unibasel,669601710831214592,1
#Workout #Sport ZUMBA¬Æ Fitness Breast Cancer 2015 tank https://t.co/8rs0rY0yYe #Slimming #Exercise aftonfarnsworth,668162986356416512,1
Breast Cancer Awareness: Faith Healing and Nigella Sativa: https://t.co/ohnuukDVuQ,668334762365423616,1
Breast Cancer Survivors Reclaim Their Bodies With Tattoos Across Their Chest https://t.co/rQ6EOFC4LY via @FOX29philly,668825315909595136,1
RT @newscientist: Pigeons. That can diagnose breast cancer from X-rays. *drops mic* https://t.co/SoDczPEDDx https://t.co/rEdoRwTAAC,667307119541030913,1
The key to successful treatment of Stage 0 #breastcancer ‚û® https://t.co/c0hINhwaCs,668208589157367808,1
"Paging Dr. Pigeon; You‚Äôre Needed in Radiology https://t.co/kzN6uEZjzB, see more https://t.co/7Cc7dtf2aB",669382688600694785,0
RT @defeatingcancer: How I survived breast cancer while pregnant: 'We went from extreme joy to utter fear': It was last thing Rebec... http‚Ä¶,667205512463646720,1
Tougher Than Cancer  https://t.co/UHSAJBAetT via @Etsy #breast #cancer #survivor #awareness https://t.co/a01lhgTdKt,668090267489206272,0
A common malaria drug paves way for breast cancer prevention https://t.co/A6ISGSUBDm https://t.co/gPDu2ijwqu,667896968811819008,1
Pigeons classify breast cancer images https://t.co/ltQOwywvWg,667700609273888768,1
RedHawks host Men Against Breast Cancer Challenge Nov. 20-22: https://t.co/wyp9c72CsK https://t.co/Xa0tTajSCW,667501648818872320,1
"An emotional, honest, warm and humorous account of one woman's battle with breast cancer @jaxbees https://t.co/LRc6Myqodp via @AUTHORamp",669189017368416260,1
"Please help support Breast Cancer Awareness, add a #Twibbon now! https://t.co/ZUJMDNUX6G",661681534101884928,0
Awareness Ribbon Survivor Long Sleeve Breast Cancer Embroidered Pink T Shirt 2XL https://t.co/WNFDbdT7at https://t.co/hsLL67dTXY,665563372885266432,1
I'm raising money  a Breast cancer survivor. Click to Donate:  https://t.co/3T6v6e7E0H via @gofundme,669568703382491137,1